{
  "AG":{
    "division_name":"Aargau",
    "division_type":"Canton"
  },
  "AI":{
    "division_name":"Appenzell Innerrhoden",
    "division_type":"Canton"
  },
  "AR":{
    "division_name":"Appenzell Ausserrhoden",
    "division_type":"Canton"
  },
  "BE":{
    "division_name":"Bern",
    "division_type":"Canton"
  },
  "BL":{
    "division_name":"Basel-Landschaft",
    "division_type":"Canton"
  },
  "BS":{
    "division_name":"Basel-Stadt",
    "division_type":"Canton"
  },
  "FR":{
    "division_name":"Fribourg",
    "division_type":"Canton"
  },
  "GE":{
    "division_name":"Gen\u00e8ve",
    "division_type":"Canton"
  },
  "GL":{
    "division_name":"Glarus",
    "division_type":"Canton"
  },
  "GR":{
    "division_name":"Graub\u00fcnden",
    "division_type":"Canton"
  },
  "JU":{
    "division_name":"Jura",
    "division_type":"Canton"
  },
  "LU":{
    "division_name":"Luzern",
    "division_type":"Canton"
  },
  "NE":{
    "division_name":"Neuch\u00e2tel",
    "division_type":"Canton"
  },
  "NW":{
    "division_name":"Nidwalden",
    "division_type":"Canton"
  },
  "OW":{
    "division_name":"Obwalden",
    "division_type":"Canton"
  },
  "SG":{
    "division_name":"Sankt Gallen",
    "division_type":"Canton"
  },
  "SH":{
    "division_name":"Schaffhausen",
    "division_type":"Canton"
  },
  "SO":{
    "division_name":"Solothurn",
    "division_type":"Canton"
  },
  "SZ":{
    "division_name":"Schwyz",
    "division_type":"Canton"
  },
  "TG":{
    "division_name":"Thurgau",
    "division_type":"Canton"
  },
  "TI":{
    "division_name":"Ticino",
    "division_type":"Canton"
  },
  "UR":{
    "division_name":"Uri",
    "division_type":"Canton"
  },
  "VD":{
    "division_name":"Vaud",
    "division_type":"Canton"
  },
  "VS":{
    "division_name":"Valais",
    "division_type":"Canton"
  },
  "ZG":{
    "division_name":"Zug",
    "division_type":"Canton"
  },
  "ZH":{
    "division_name":"Z\u00fcrich",
    "division_type":"Canton"
  }
}