{
  "country_code":"BG",
  "country_name":"Bulgaria",
  "currency_code":"BGN",
  "fips_code":"BU",
  "iso_numeric":"100",
  "north":"44.21764",
  "south":"41.242084",
  "east":"28.612167",
  "west":"22.371166",
  "capital":"Sofia",
  "continent_name":"Europe",
  "continent":"EU",
  "iso_alpha":"BGR",
  "geoname_id":"732800",
  "languages":[
    "bg",
    "tr-BG",
    "rom"
  ],
  "subdivision":{
    "01":{
      "division_name":"Blagoevgrad",
      "division_type":"Region"
    },
    "02":{
      "division_name":"Burgas",
      "division_type":"Region"
    },
    "03":{
      "division_name":"Varna",
      "division_type":"Region"
    },
    "04":{
      "division_name":"Veliko Tarnovo",
      "division_type":"Region"
    },
    "05":{
      "division_name":"Vidin",
      "division_type":"Region"
    },
    "06":{
      "division_name":"Vratsa",
      "division_type":"Region"
    },
    "07":{
      "division_name":"Gabrovo",
      "division_type":"Region"
    },
    "08":{
      "division_name":"Dobrich",
      "division_type":"Region"
    },
    "09":{
      "division_name":"Kardzhali",
      "division_type":"Region"
    },
    "10":{
      "division_name":"Kjustendil",
      "division_type":"Region"
    },
    "11":{
      "division_name":"Lovech",
      "division_type":"Region"
    },
    "12":{
      "division_name":"Montana",
      "division_type":"Region"
    },
    "13":{
      "division_name":"Pazardzik",
      "division_type":"Region"
    },
    "14":{
      "division_name":"Pernik",
      "division_type":"Region"
    },
    "15":{
      "division_name":"Pleven",
      "division_type":"Region"
    },
    "16":{
      "division_name":"Plovdiv",
      "division_type":"Region"
    },
    "17":{
      "division_name":"Razgrad",
      "division_type":"Region"
    },
    "18":{
      "division_name":"Ruse",
      "division_type":"Region"
    },
    "19":{
      "division_name":"Silistra",
      "division_type":"Region"
    },
    "20":{
      "division_name":"Sliven",
      "division_type":"Region"
    },
    "21":{
      "division_name":"Smolyan",
      "division_type":"Region"
    },
    "22":{
      "division_name":"Sofia (stolitsa)",
      "division_type":"Region"
    },
    "23":{
      "division_name":"Sofia",
      "division_type":"Region"
    },
    "24":{
      "division_name":"Stara Zagora",
      "division_type":"Region"
    },
    "25":{
      "division_name":"Targovishte",
      "division_type":"Region"
    },
    "26":{
      "division_name":"Haskovo",
      "division_type":"Region"
    },
    "27":{
      "division_name":"Shumen",
      "division_type":"Region"
    },
    "28":{
      "division_name":"Yambol",
      "division_type":"Region"
    }
  }
}