{
  "country_code":"LK",
  "country_name":"Sri Lanka",
  "currency_code":"LKR",
  "fips_code":"CE",
  "iso_numeric":"144",
  "north":"9.831361",
  "south":"5.916833",
  "east":"81.881279",
  "west":"79.652916",
  "capital":"Colombo",
  "continent_name":"Asia",
  "continent":"AS",
  "iso_alpha":"LKA",
  "geoname_id":"1227603",
  "languages":[
    "si",
    "ta",
    "en"
  ],
  "subdivision":{
    "1":{
      "division_name":"Basnahira pa\u1e37\u0101ta",
      "division_type":"Province"
    },
    "11":{
      "division_name":"Colombo",
      "division_type":"District"
    },
    "12":{
      "division_name":"Gampaha",
      "division_type":"District"
    },
    "13":{
      "division_name":"Kalutara",
      "division_type":"District"
    },
    "2":{
      "division_name":"Madhyama pa\u1e37\u0101ta",
      "division_type":"Province"
    },
    "21":{
      "division_name":"Kandy",
      "division_type":"District"
    },
    "22":{
      "division_name":"Matale",
      "division_type":"District"
    },
    "23":{
      "division_name":"Nuwara Eliya",
      "division_type":"District"
    },
    "3":{
      "division_name":"Daku\u1e47u pa\u1e37\u0101ta",
      "division_type":"Province"
    },
    "31":{
      "division_name":"Galle",
      "division_type":"District"
    },
    "32":{
      "division_name":"Matara",
      "division_type":"District"
    },
    "33":{
      "division_name":"Hambantota",
      "division_type":"District"
    },
    "4":{
      "division_name":"Uturu pa\u1e37\u0101ta",
      "division_type":"Province"
    },
    "41":{
      "division_name":"Jaffna",
      "division_type":"District"
    },
    "42":{
      "division_name":"Kilinochchi",
      "division_type":"District"
    },
    "43":{
      "division_name":"Mannar",
      "division_type":"District"
    },
    "44":{
      "division_name":"Vavuniya",
      "division_type":"District"
    },
    "45":{
      "division_name":"Mullaittivu",
      "division_type":"District"
    },
    "5":{
      "division_name":"N\u00e6\u0306g\u0115nahira pa\u1e37\u0101ta",
      "division_type":"Province"
    },
    "51":{
      "division_name":"Batticaloa",
      "division_type":"District"
    },
    "52":{
      "division_name":"Ampara",
      "division_type":"District"
    },
    "53":{
      "division_name":"Trincomalee",
      "division_type":"District"
    },
    "6":{
      "division_name":"Vayamba pa\u1e37\u0101ta",
      "division_type":"Province"
    },
    "61":{
      "division_name":"Kurunegala",
      "division_type":"District"
    },
    "62":{
      "division_name":"Puttalam",
      "division_type":"District"
    },
    "7":{
      "division_name":"Uturum\u00e6\u0306da pa\u1e37\u0101ta",
      "division_type":"Province"
    },
    "71":{
      "division_name":"Anuradhapura",
      "division_type":"District"
    },
    "72":{
      "division_name":"Polonnaruwa",
      "division_type":"District"
    },
    "8":{
      "division_name":"Uva pa\u1e37\u0101ta",
      "division_type":"Province"
    },
    "81":{
      "division_name":"Badulla",
      "division_type":"District"
    },
    "82":{
      "division_name":"Monaragala",
      "division_type":"District"
    },
    "9":{
      "division_name":"Sabaragamuva pa\u1e37\u0101ta",
      "division_type":"Province"
    },
    "91":{
      "division_name":"Ratnapura",
      "division_type":"District"
    },
    "92":{
      "division_name":"Kegalla",
      "division_type":"District"
    }
  }
}