{
  "country_code":"PE",
  "country_name":"Peru",
  "currency_code":"PEN",
  "fips_code":"PE",
  "iso_numeric":"604",
  "north":"-0.012977",
  "south":"-18.349728",
  "east":"-68.677986",
  "west":"-81.326744",
  "capital":"Lima",
  "continent_name":"South America",
  "continent":"SA",
  "iso_alpha":"PER",
  "geoname_id":"3932488",
  "languages":[
    "es-PE",
    "qu",
    "ay"
  ],
  "subdivision":{
    "AMA":{
      "division_name":"Amazonas",
      "division_type":"Region"
    },
    "ANC":{
      "division_name":"Ancash",
      "division_type":"Region"
    },
    "APU":{
      "division_name":"Apur\u00edmac",
      "division_type":"Region"
    },
    "ARE":{
      "division_name":"Arequipa",
      "division_type":"Region"
    },
    "AYA":{
      "division_name":"Ayacucho",
      "division_type":"Region"
    },
    "CAJ":{
      "division_name":"Cajamarca",
      "division_type":"Region"
    },
    "CAL":{
      "division_name":"El Callao",
      "division_type":"Region"
    },
    "CUS":{
      "division_name":"Cuzco [Cusco]",
      "division_type":"Region"
    },
    "HUC":{
      "division_name":"Hu\u00e1nuco",
      "division_type":"Region"
    },
    "HUV":{
      "division_name":"Huancavelica",
      "division_type":"Region"
    },
    "ICA":{
      "division_name":"Ica",
      "division_type":"Region"
    },
    "JUN":{
      "division_name":"Jun\u00edn",
      "division_type":"Region"
    },
    "LAL":{
      "division_name":"La Libertad",
      "division_type":"Region"
    },
    "LAM":{
      "division_name":"Lambayeque",
      "division_type":"Region"
    },
    "LIM":{
      "division_name":"Lima",
      "division_type":"Region"
    },
    "LMA":{
      "division_name":"Lima hatun llaqta",
      "division_type":"Municipality"
    },
    "LOR":{
      "division_name":"Loreto",
      "division_type":"Region"
    },
    "MDD":{
      "division_name":"Madre de Dios",
      "division_type":"Region"
    },
    "MOQ":{
      "division_name":"Moquegua",
      "division_type":"Region"
    },
    "PAS":{
      "division_name":"Pasco",
      "division_type":"Region"
    },
    "PIU":{
      "division_name":"Piura",
      "division_type":"Region"
    },
    "PUN":{
      "division_name":"Puno",
      "division_type":"Region"
    },
    "SAM":{
      "division_name":"San Mart\u00edn",
      "division_type":"Region"
    },
    "TAC":{
      "division_name":"Tacna",
      "division_type":"Region"
    },
    "TUM":{
      "division_name":"Tumbes",
      "division_type":"Region"
    },
    "UCA":{
      "division_name":"Ucayali",
      "division_type":"Region"
    }
  }
}